radar	filename	size	sha256
TLX	TLX_N0B_2024_05_20_03_01_13	335556	51917ec26fa6e20e7bd6cedd3b87032398b0da6c0e7a80c226c988b57bb88dc4
TLX	TLX_N0B_2024_05_20_03_03_09	338444	456a7b02f5cdf79fa4834f6d39b7866218eb02ff4b7a74c93a95f1368af12e2d
TLX	TLX_N0B_2024_05_20_03_04_23	339625	b4f6882b75ed23e3c66db8aa72e8edde7d8bfd6d9a5261e52b26fa93c01c4a51
TLX	TLX_N0B_2024_05_20_03_06_03	341925	577be3e2aece24160bb9211dc6aa313ac9e98d31d8e48c91a6acc883b6038c16
TLX	TLX_N0B_2024_05_20_03_07_37	343994	bcee873e9a013d346617e3182adb2f61df3e02e104602b31891a42299f2064ed
TLX	TLX_N0B_2024_05_20_03_09_29	345059	371cc33006c9fc7c48e5f83577ed62a56cb91ce7f3880c23cae4ec386ef82b77
TLX	TLX_N0B_2024_05_20_03_10_54	348238	be6d1dda1ecd4c612338e7fbda9d8d7530af9756b349e2e708a7625ad086c529
TLX	TLX_N0B_2024_05_20_03_12_32	350377	f0f86a6db7ed782f5595ca88715608471a22f3fc4b201443c0e4920230d2060e
TLX	TLX_N0B_2024_05_20_03_14_25	353402	0f506dff43fbe8fea1dbb0c94797561fb7150fa34082f31669f25372c95b580f
TLX	TLX_N0B_2024_05_20_03_16_23	354764	74d51e8843194774604ab5b64531c03b91aedcb57da827cc0784933ea39c85c4
TLX	TLX_N0B_2024_05_20_03_17_48	357723	4c55523da3d9dba0722ec71a08cc2fcf271a3e4396473d2e4a91a95715e922c9
TLX	TLX_N0B_2024_05_20_03_19_26	359379	81d5956cca5ee378820a8754c44c081a2953fc586ad9923c711d35e883209728
TLX	TLX_N0B_2024_05_20_03_21_19	362852	e291520b3a221ffbc4f6186646c709c4d7c1d0014e817d93fdf1927c1e9e352b
TLX	TLX_N0B_2024_05_20_03_23_16	364156	a7f4c3f26a636f1abf238acadc152e94d46dc230c272b7bbcee53c5c9ed9695c
TLX	TLX_N0B_2024_05_20_03_24_42	366412	a0f2516018cd4ebb1949c019053e343d4593e793e154fab0fcd09d914cc02a8f
TLX	TLX_N0B_2024_05_20_03_26_20	368327	64d6079efd9b975aabad2ef1e1caf6629f81e20601045394a8a13de75a507cec
TLX	TLX_N0B_2024_05_20_03_28_12	367794	23e49232434fb8422aa73719ba23cb1896aa8e30c666638088b39584e4a5339a
TLX	TLX_N0B_2024_05_20_03_30_11	369090	3c1cecc16ed8d80fe660dad2252ea705897471b0e782d44e36fec881b314655d
TLX	TLX_N0B_2024_05_20_03_31_36	370083	9f295519adb4e599c4c92a2fee115e5572f47c02eaba3cafe6b0273253b149da
TLX	TLX_N0B_2024_05_20_03_33_14	369622	7619ad64840db34af2401c51eaabb772dd85f2b2cde60595315bfa9d04183303
TLX	TLX_N0B_2024_05_20_03_35_07	370340	d2c4a35e02fd4a7aaff409439df742be41d08304d38c42905adc76212afa3740
TLX	TLX_N0B_2024_05_20_03_37_05	370605	9395e58fc49368d26a9b696186fbc2a9ce3ff9fc82142aeb859554ffe8c514e9
TLX	TLX_N0B_2024_05_20_03_38_30	369870	64c9b78146dca903bfbbe9b44e947a89373e7fdbd618e8d52f1ed39a10432269
TLX	TLX_N0B_2024_05_20_03_40_09	369574	57514c362553e831b09fab64ac2e290c1d08ca70ff0942c9d893895fb8b94b6e
TLX	TLX_N0B_2024_05_20_03_42_01	370660	1e059020379ba5058fa96f27d6fcf70cb7a6c341c005f35df8834a36907a4d41
TLX	TLX_N0B_2024_05_20_03_43_58	368749	6ad93bde671ea688a044ada1b9bf83651175b2e615113ea6630bba4cf1946cdd
TLX	TLX_N0B_2024_05_20_03_45_24	371007	f7ed5d31940c0455c7e395444c47fb77a8e1da660becb5962281f2f02d18af19
TLX	TLX_N0B_2024_05_20_03_47_02	371894	0dc8fb846012821895122002dce211c68d41b43dc28c9a378721e5a071091969
TLX	TLX_N0B_2024_05_20_03_48_55	372818	d377d831e7d3dea678740b3548f853a73e33050c17d648d964bb1f02f458f068
TLX	TLX_N0B_2024_05_20_03_50_54	374333	390114f42d8d627a5ccb3b87ba3d84ef2b61bc69fc122cf951deb946ac20e831
TLX	TLX_N0B_2024_05_20_03_52_19	374241	ebd90eeae335167b32047f5448f59da47321e016899cf5a6cc8b85f72ef4045d
TLX	TLX_N0B_2024_05_20_03_53_57	372429	ef3fb3fe4ca8bed636ee43bad01b9182c69f4ac5c3e2a0c290ede0c0e578cbf1
TLX	TLX_N0B_2024_05_20_03_55_49	375700	703b8b63fed84090eb59a4fb2119cbfc7444eba16cce19976b63762f278543bd
TLX	TLX_N0B_2024_05_20_03_57_48	377087	5503734bff7079f7a52214bbed497d801172db1b3569322e8ddf37dc1b97d26a
TLX	TLX_N0B_2024_05_20_03_59_08	379222	f06cb1710e67c1cda13fdbfa09068e885b3a8ac3386862ca7f888032510b23d1
TLX	TLX_N0B_2024_05_20_04_00_55	378988	2feb9513033148e2b7a64f91c52786e5d0ffe3a71c408270e606e1bd953f7b41
TLX	TLX_N0B_2024_05_20_04_02_32	379932	04b857625561ce768e72c4e7ec39fc15ce30119989b6c29efdfa9f8200dd635d
TLX	TLX_N0B_2024_05_20_04_04_28	379992	c66faf3c4a05cdc37c88802b5dde5c9de1ca6c6b9d55a1fdb9c2cbc774fcc760
TLX	TLX_N0B_2024_05_20_04_05_49	380460	2a9beb2b4e6c0d732a9e5354909613ab7bdbf456381c6811cd61b62d420ce3ea
TLX	TLX_N0B_2024_05_20_04_07_36	381497	446b95e3189867aeec8bed4d9603e871fc8f44703b0ecec6bc9304685031d300
TLX	TLX_N0B_2024_05_20_04_09_13	380938	3589ceb407b6bea41d6be4c9e6498459bfeaba7077e542c00de99006b284a181
TLX	TLX_N0B_2024_05_20_04_11_08	382487	d2a705677ce4c3e5e9a346eb94f7641d396b06f034561ef337b8297a854dac8a
TLX	TLX_N0B_2024_05_20_04_12_29	382205	c47a3f4d22f4f13eb70de1a387ad222556c7f158e6b556da574d3877eef17ec2
TLX	TLX_N0B_2024_05_20_04_14_16	381170	f3ec13791f518829ff037ee2c5f623ec1721decc00021fc26ab891e91a3980d3
TLX	TLX_N0B_2024_05_20_04_15_53	382119	75b5589298e2256655fd86ce74a3487881626e82b214091008adce31f6ae1b8a
TLX	TLX_N0B_2024_05_20_04_17_48	381651	9a63ddc4ecc60f1e28dd1c736328cef3a712b7d05936d42b1e362287afa40169
TLX	TLX_N0B_2024_05_20_04_19_09	382075	ffc461fa56e4542d84f4f14cffdd364a819776e75309a4258ed5019da5388c8e
TLX	TLX_N0B_2024_05_20_04_20_56	382333	9b76fe8489b55db53df45f92dfce95f25c4c799cde6f3c67e7122645e25b5bdf
TLX	TLX_N0B_2024_05_20_04_22_33	382338	2453b3cd0daa8afa064511bde10066c9fbf1c5ab7c0a53fcca82184a59eea16f
TLX	TLX_N0B_2024_05_20_04_24_28	380711	78df5f734a326676cb22d12502c99eb0e7f7c1451d1f345a981db94214e0af17
TLX	TLX_N0B_2024_05_20_04_25_49	380430	c2604fba99da3f3c29a518daef8d0785d54a4ca97de345336428a6bb0f53e927
TLX	TLX_N0B_2024_05_20_04_27_36	379172	3b410a1cca01fb4f9bee019ba7bcb1e02ca02f3d99c706d35914339f1486bde6
TLX	TLX_N0B_2024_05_20_04_29_13	378411	0b5284b8759483be4ff9045651e55e97122aca17f2e28a64c2977506cae814ee
TLX	TLX_N0B_2024_05_20_04_31_09	377801	f7c9b645273e4f90a5e3a5a85564e7007e7053a01923d04d4920dcc7b52d9bc6
TLX	TLX_N0B_2024_05_20_04_32_20	378362	f4b28554aeb02ae8005343df0ea0f535e10b02667d8f3743afddc2b9bab3d667
TLX	TLX_N0B_2024_05_20_04_33_57	376025	09d5444e6baadc11855ef0fca78d6935362d0be29eaf078404a9160c7e5b1389
TLX	TLX_N0B_2024_05_20_04_35_29	375693	cb43ea47876bc4740391923446df012e114ceb1317909e1121f41211e86c8fdf
TLX	TLX_N0B_2024_05_20_04_37_19	375427	a6a10a4b03e462a9e757feecb37bd7b6f41d6e4b3be9db61aa9b3dde6b93dc09
TLX	TLX_N0B_2024_05_20_04_38_30	375849	1fe8d2f80d69148c9688b5ace474da8614046d1dce30cce3530029ddd5847f45
TLX	TLX_N0B_2024_05_20_04_40_07	375598	f2cc00da4be2f23b9fdcab1bc2d35e92ecd26ab97b260fc54489204bcee0b962
TLX	TLX_N0B_2024_05_20_04_41_39	374336	e2cdbafe7c0874c2f9bf6d8d9ad4b3103cd4de16f00094d4c3d5258d564412ad
TLX	TLX_N0B_2024_05_20_04_43_30	375337	b797e5b14dde0ade75f9d709113d8b370427111190917c8c4f94907ff5e19503
TLX	TLX_N0B_2024_05_20_04_44_47	374433	b843c94fa7cb89e0a833b1f34f56b8661c1458944438bc0e40776817263c80c7
TLX	TLX_N0B_2024_05_20_04_46_30	374153	9ec13cc9ff94b632cc6b012b60022bc94c47d8a482abda77cc90f5837e6ad322
TLX	TLX_N0B_2024_05_20_04_48_05	372692	f6c71e80ec8769b367dfaf5d500ff928b33a2b0422bdccb1ea2a37bff0d3c576
TLX	TLX_N0B_2024_05_20_04_49_59	373862	57acad26ab1ea0108a7cf53bbf213331a36e0d149b6fc5ebd284d789356aa4ae
TLX	TLX_N0B_2024_05_20_04_51_20	373514	c01c3bd0d432fdd1d524ced6bc069ad087f55116c8814834604cb4b1d9b04f1a
TLX	TLX_N0B_2024_05_20_04_53_07	373362	fa34cab10bb86bbef8b0abd3787094c83cf88da382fab829c45182d902573d04
TLX	TLX_N0B_2024_05_20_04_54_44	372805	68f3d3e9f6176c9ac253bfc0c08afcdbe10a69a332407bd4f069dd166bcb085a
TLX	TLX_N0B_2024_05_20_04_56_40	372904	81de351de2676be1ce69732227ec827bade16f0118d5f7bb65b9a86539275e2a
TLX	TLX_N0B_2024_05_20_04_57_51	373943	62990e3fb23d5e246979984c1abf65698e371d0600afdbf7e7cb524f5bc35cff
TLX	TLX_N0B_2024_05_20_04_59_27	373573	1fba2869a475a58f909a875e0e4dac26c0019cf4d236dc504b843667eecc3e9e
FDR	FDR_N0B_2024_05_20_03_01_14	348658	f13d3a2584130044905661b5ea0c9b64e19f206c0a544edfd2bae2f4eb34ccff
FDR	FDR_N0B_2024_05_20_03_02_50	359755	30c3ed82f8c2d9529e1618b83ae4099827b15ba215e9296819f0a829878193bf
FDR	FDR_N0B_2024_05_20_03_04_38	360552	763345be4797976289c9ee1364088cb70c5b6a5165fc82b72577774e1595a150
FDR	FDR_N0B_2024_05_20_03_06_42	350557	57236af1b86568e6e8e487800cf45e7b26d4e94238c5dd0fce23101674eaa497
FDR	FDR_N0B_2024_05_20_03_08_17	363093	c2e04a5f625dfc783cb3b557a30b8f68244528c752165e2fbe418eb1fe3fc76a
FDR	FDR_N0B_2024_05_20_03_10_05	364423	6698491f89d9cc7951cd54ca10241c2809fefc808c9bef9c4102a006dab53aef
FDR	FDR_N0B_2024_05_20_03_12_10	356672	fff11189435c91cae77750aeaa0a466a580365403378c9679d4c6cfe34a467ab
FDR	FDR_N0B_2024_05_20_03_13_45	368549	a23cc81dd03c4ea34f1bb8cbf09562b11ba8ee6a0a5b24127f67a65caac2c50d
FDR	FDR_N0B_2024_05_20_03_15_33	367817	799ea9b74070ed428ac57b5ccec200dcff6f657e7061fcea1c2fb80a8e67cf4b
FDR	FDR_N0B_2024_05_20_03_17_38	358739	0d702401bee03e5bd3f257c66c28040abd228db81e2c79406c9e2f6764d50192
FDR	FDR_N0B_2024_05_20_03_19_13	368997	b18625a2a6736c1e1087b0b9d9211bac1c0486ff75084cfedb2066d9a4eb1555
FDR	FDR_N0B_2024_05_20_03_21_01	369192	51784e2de3c56a2fa0f0029ce7653fc97e4875f54984ad23d5d932746952c6d5
FDR	FDR_N0B_2024_05_20_03_23_06	357972	87c5a0c7989ba5133e5cb38c40c457fb0e1e434f79365e0f09a6c46468b57a76
FDR	FDR_N0B_2024_05_20_03_24_41	370852	68bcbbaeb2c30f8c191ec8a79e3a84afcae50b96750e045ba783bed06859735d
FDR	FDR_N0B_2024_05_20_03_26_30	370338	397865c38bc1ae57d97c2215e67deab2791d286df6acd126234a81cc82e5e77c
FDR	FDR_N0B_2024_05_20_03_28_33	362688	6c585a2ccf3893abf8fd2a327ffdfa7f3b591589f3e52c8b364ff416d96e32e1
FDR	FDR_N0B_2024_05_20_03_30_08	373258	207b6660f2a480093b16afc286a0becd6eb313b1f80a0a0ec791dfc601f5661d
FDR	FDR_N0B_2024_05_20_03_31_57	374703	f51557661f731a20ecfe26d74ef5ed1ca691467c3712ee75a2d50b9bca0b6677
FDR	FDR_N0B_2024_05_20_03_34_00	366392	58c2cecf191c5797428961b4a5ab6234f6cd3445dc5f4bfb441bb9fdb3f2903d
FDR	FDR_N0B_2024_05_20_03_35_35	376639	ae098e08e7e055157f156ec23dc2794fbbcb3144dae25c3133228a0e7bed7ea9
FDR	FDR_N0B_2024_05_20_03_37_23	375367	42f988f38590a64e03b7e8ce02ea9ac9e0c3d9b9a3484c013f985f675cee4777
FDR	FDR_N0B_2024_05_20_03_39_28	366649	9a46f854279625e5d6c12c2bf345405ec96ec82f59537b4b715b3aa22f3b9647
FDR	FDR_N0B_2024_05_20_03_41_03	376653	db4dccad813d9830dfc4ac154cf8a62ac87da87c4ac103b10a023eb48ff1be02
FDR	FDR_N0B_2024_05_20_03_42_51	376437	87888daec4468f58c1f6273cce526a9d28570631ffcd321c67b5fd7a0dcd7bac
FDR	FDR_N0B_2024_05_20_03_44_55	368102	d507350ce3f758ff0326c384dfd2f934edd23b514180f186c5d923da3ba8cc3b
FDR	FDR_N0B_2024_05_20_03_46_31	379467	77d74bed1718197e37db946943a8113e071ff5997ff9bd8c8775ff8d1563abf2
FDR	FDR_N0B_2024_05_20_03_48_19	380897	4eca3b21dd0dd30972b4fa27380a59dee11cc462dcff7fe533aef38e6cc9f36e
FDR	FDR_N0B_2024_05_20_03_50_22	370710	c940f0b1513d4ee10c715fc030f3f3c35e30657619f9b1536e9f4165f372efa9
FDR	FDR_N0B_2024_05_20_03_51_57	381002	df3432c604d99c258a6a2ee79d2a91b4448150c8d18e849e5e21e4a9fcb4b442
FDR	FDR_N0B_2024_05_20_03_53_46	379489	69cf82c351655488f19660288fcf0a26e5720c34bb3897a771fb5880230d0ce0
FDR	FDR_N0B_2024_05_20_03_55_50	370457	1ffe16ca27807b4beb057f638ee598c7810ef108f4e82aed2ae02c3f6d295446
FDR	FDR_N0B_2024_05_20_03_57_12	382471	b83f0d88a92bb1ce97d9f9f44b8326b707924af0065cbbe0e71b25278b1f00ba
FDR	FDR_N0B_2024_05_20_03_59_01	380957	d257dcced4dd0fad181fae6e3b97436942abe414d02a5ee503300940692087d5
FDR	FDR_N0B_2024_05_20_04_00_45	370807	b7b9a8398b181c353a66949f3a44c21396ceaf929c2c8398c99b53414ed974d7
FDR	FDR_N0B_2024_05_20_04_02_07	384443	52aca34ff56f3deafb32c83eab973ff430b54ddeb742bffb168db002bc5b05cb
FDR	FDR_N0B_2024_05_20_04_03_56	382565	e03a15c13c0187b10be8fbdae57c9d526a8d57d01ca2bdd6c80bcdb06ff87e94
FDR	FDR_N0B_2024_05_20_04_05_41	370774	2814e6372181c9857efc8454f0146c8515ed093a615b92bcb9b83c41248e8786
FDR	FDR_N0B_2024_05_20_04_07_02	382247	fc12d7f4fce44686d4a09caeb01a53f99408731180d756b334cb4d3e21b4017c
FDR	FDR_N0B_2024_05_20_04_08_51	380995	cebf49fa5a886aa441c30b18d959990afc6366bc1499d4a48b15eb466dd6a6bb
FDR	FDR_N0B_2024_05_20_04_10_35	369478	40917614164a485921f3021366d8b3862973e687df24cefcf5ed960316a7c85c
FDR	FDR_N0B_2024_05_20_04_11_57	380982	e3351c3030310f38c299a1c22caca73c1ab68019f514004e15693f8feef6ed29
FDR	FDR_N0B_2024_05_20_04_13_46	379013	b9d811030fc53ac1e5ff4010dc7e33a45463a193b78beed6e68e03b93ed82798
FDR	FDR_N0B_2024_05_20_04_15_30	370765	cb1ed567375fe8d3b019d99c8385e6c9789d9cdbe2dc0f07ec3b1feb1896090b
FDR	FDR_N0B_2024_05_20_04_16_52	382027	aa3d6393f23db3b32e8f64a001e04c3d3755b6b5f90731fdaa532b477ff856a9
FDR	FDR_N0B_2024_05_20_04_18_41	377867	f88dbc13ad346d4a9893ff00e74d94433af3a9848aaf031e916553ff8aa0a8ac
FDR	FDR_N0B_2024_05_20_04_20_26	369416	3ff740cd05498df7918696131ed9793872d05d0f8df6cf6dae6271a7d40b00cf
FDR	FDR_N0B_2024_05_20_04_21_48	379415	d8d398912737a61c2822a62bfdafcc69417ae3862b160f1b5e6b930214a4bb61
FDR	FDR_N0B_2024_05_20_04_23_37	377488	da7dc287f3f44c41a714a61f5f8e7ed227d313b7d5ab9694e15de1e93095792f
FDR	FDR_N0B_2024_05_20_04_25_21	365786	6b00862377cfd63284ac75513e69488a50fa9e28bdc869f5e43a5f4d7b082afe
FDR	FDR_N0B_2024_05_20_04_26_43	376479	ff308c533dde31b50b52c0ca362eb28b36f71947b2cf19688911a2fad9a13566
FDR	FDR_N0B_2024_05_20_04_28_32	372703	90596467985ec0ad3fe8624488c502e6ed68a4828280bf5999ff96994170ad0c
FDR	FDR_N0B_2024_05_20_04_30_17	366578	0099f5d8e183c16cd87769f7b62e509afc9ab2a5979afb913930eb57c1e92849
FDR	FDR_N0B_2024_05_20_04_31_39	375140	636d7f37eca12f545af55389507c2cdb4b256719cc0fac40cc7723d99599fad9
FDR	FDR_N0B_2024_05_20_04_33_28	373046	b8581e3dac62ee2039d43c7507ec92bc96426bee55774a5ae7c20514b1e7303b
FDR	FDR_N0B_2024_05_20_04_35_12	363452	7b59308ac41d3c61e1837fd0b09dcad217848975ec7d69e8b226c32e73e50599
FDR	FDR_N0B_2024_05_20_04_36_33	374229	1f2a6df5bc3ecfd8db0fc01d45ad9657d3cead9422851d5ff04fba2e04cd460c
FDR	FDR_N0B_2024_05_20_04_38_22	371833	3551ae53a3513a53c09da59c5cea0c45072c06a5437059a36ba4751704d45c4a
FDR	FDR_N0B_2024_05_20_04_40_06	363936	129075c8ad92013d5fdbd2b29aa291d679967dae55348772cb10ae698c4deae5
FDR	FDR_N0B_2024_05_20_04_41_33	373094	b6a70a7ba0967e278400293360183e126d7adb1ec0fd11d923ffa562ab726de5
FDR	FDR_N0B_2024_05_20_04_43_13	372834	d6c2b33e358795df80a2164f1854efb4da70c2e730fa1d33a614a5f51d190bc0
FDR	FDR_N0B_2024_05_20_04_45_13	358469	5dfdd3d120fd014f6ae47b7d5deb0651f34fe24852cec4d61f0397f9ff34f1e1
FDR	FDR_N0B_2024_05_20_04_46_35	369134	05941057ee8f7c4e20da9dd53326f24dfbbb1b25994ea3db8a4d6aca2c79544d
FDR	FDR_N0B_2024_05_20_04_48_24	367510	a01b96c6c9a7bf505dc298e8018bbc1ba7ae737944c668cecc0e0cb6c4c42a24
FDR	FDR_N0B_2024_05_20_04_50_08	357195	396f3f03faf252079ba2dc30da4e2ab34cf222f3fb0376d571136c25c805d861
FDR	FDR_N0B_2024_05_20_04_51_30	366031	bca8828367c42fd8f45c646d8dcf57bcca31a88fb7f8d03d1afd9dd29e7758d1
FDR	FDR_N0B_2024_05_20_04_53_19	368357	dbca6320e1668dcc69fc22be3bab9d66a761e77074de059d19a8d143b39c806a
FDR	FDR_N0B_2024_05_20_04_55_04	357907	21278ebe21e9d1fe057c3fe8398776903461c3d5a8e3dd8644b8e4021f2eb96b
FDR	FDR_N0B_2024_05_20_04_56_30	366377	4cf532fe800762b9000a2ff2e2bd116e8a3d4fc28532c53ae56d235f82e6db70
FDR	FDR_N0B_2024_05_20_04_58_10	363060	9800d086a2d7aaecdb4652aee1ad25d9ac1f6c114135507eaaebe5442cb8d780
